hcpcs_code,volume,total_payment,average_payment
72148,1430104.4,134223519.4,93.855748853
77058,161,43337.44,269.17664596
